steps,x,y,z,roll,pitch,yaw,distance_to_obj,lidar
0,0.0560606067830866,14.909090909090908,690.7457491659403
